{"cameraMode":{"drawMode":0,"name":"Shaded","section":"Shading Mode"},"sceneLighting":true,"audioPlay":false,"sceneViewState":{"m_AlwaysRefresh":false,"showFog":true,"showSkybox":true,"showFlares":true,"showImageEffects":true,"showParticleSystems":true,"showVisualEffectGraphs":true,"m_FxEnabled":true},"in2DMode":false,"pivot":{"x":-0.16824543476104737,"y":1.5147895812988282,"z":-8.612030029296875},"rotation":{"x":0.09844599664211273,"y":0.6839514374732971,"z":-0.09394361823797226,"w":0.7167307734489441},"size":3.3636467456817629,"orthographic":true}