{"cameraMode":{"drawMode":0,"name":"Shaded","section":"Shading Mode"},"sceneLighting":true,"audioPlay":false,"sceneViewState":{"m_AlwaysRefresh":false,"showFog":true,"showSkybox":true,"showFlares":true,"showImageEffects":true,"showParticleSystems":true,"showVisualEffectGraphs":true,"m_FxEnabled":true},"in2DMode":false,"pivot":{"x":659.2537231445313,"y":722.4647827148438,"z":110.09687042236328},"rotation":{"x":-0.0014982720604166389,"y":0.0479816310107708,"z":0.00007196909427875653,"w":0.9988481402397156},"size":629.6442260742188,"orthographic":true}