{"cameraMode":{"drawMode":0,"name":"Shaded","section":"Shading Mode"},"sceneLighting":true,"audioPlay":false,"sceneViewState":{"m_AlwaysRefresh":false,"showFog":true,"showSkybox":true,"showFlares":true,"showImageEffects":true,"showParticleSystems":true,"showVisualEffectGraphs":true,"m_FxEnabled":true},"in2DMode":false,"pivot":{"x":10.750877380371094,"y":69.03655242919922,"z":-247.2978057861328},"rotation":{"x":0.29022514820098879,"y":-0.05222610756754875,"z":0.015840653330087663,"w":0.9554443955421448},"size":14.896034240722657,"orthographic":true}