{"cameraMode":{"drawMode":0,"name":"Shaded","section":"Shading Mode"},"sceneLighting":true,"audioPlay":false,"sceneViewState":{"m_AlwaysRefresh":false,"showFog":true,"showSkybox":true,"showFlares":true,"showImageEffects":true,"showParticleSystems":true,"showVisualEffectGraphs":true,"m_FxEnabled":true},"in2DMode":false,"pivot":{"x":3.1912384033203127,"y":1.9840196371078492,"z":-144.3930206298828},"rotation":{"x":0.6220331788063049,"y":0.16371193528175355,"z":-0.13511988520622254,"w":0.7536728978157044},"size":15.050039291381836,"orthographic":true}