{"cameraMode":{"drawMode":0,"name":"Shaded","section":"Shading Mode"},"sceneLighting":true,"audioPlay":false,"sceneViewState":{"m_AlwaysRefresh":false,"showFog":true,"showSkybox":true,"showFlares":true,"showImageEffects":true,"showParticleSystems":true,"showVisualEffectGraphs":true,"m_FxEnabled":true},"in2DMode":false,"pivot":{"x":3.099803924560547,"y":-26.12783432006836,"z":-143.09739685058595},"rotation":{"x":0.5947076678276062,"y":-0.00652738381177187,"z":0.004796098917722702,"w":0.8039438128471375},"size":75.82137298583985,"orthographic":true}