{"cameraMode":{"drawMode":0,"name":"Shaded","section":"Shading Mode"},"sceneLighting":true,"audioPlay":false,"sceneViewState":{"m_AlwaysRefresh":false,"showFog":true,"showSkybox":true,"showFlares":true,"showImageEffects":true,"showParticleSystems":true,"showVisualEffectGraphs":true,"m_FxEnabled":true},"in2DMode":false,"pivot":{"x":-1.3320107460021973,"y":-2.717299461364746,"z":10.097505569458008},"rotation":{"x":0.1937595158815384,"y":0.008829587139189244,"z":-0.0017438962822780014,"w":0.9810122847557068},"size":12.744829177856446,"orthographic":true}