{"cameraMode":{"drawMode":0,"name":"Shaded","section":"Shading Mode"},"sceneLighting":true,"audioPlay":false,"sceneViewState":{"m_AlwaysRefresh":false,"showFog":true,"showSkybox":true,"showFlares":true,"showImageEffects":true,"showParticleSystems":true,"showVisualEffectGraphs":true,"m_FxEnabled":true},"in2DMode":false,"pivot":{"x":-0.6765921115875244,"y":0.9848572015762329,"z":4.219362735748291},"rotation":{"x":0.03168386593461037,"y":0.6732999086380005,"z":-0.028901465237140657,"w":0.7381274700164795},"size":1.9119718074798585,"orthographic":true}