{"cameraMode":{"drawMode":0,"name":"Shaded","section":"Shading Mode"},"sceneLighting":true,"audioPlay":false,"sceneViewState":{"m_AlwaysRefresh":false,"showFog":true,"showSkybox":true,"showFlares":true,"showImageEffects":true,"showParticleSystems":true,"showVisualEffectGraphs":true,"m_FxEnabled":true},"in2DMode":false,"pivot":{"x":-1.3320107460021973,"y":-2.717299461364746,"z":10.097505569458008},"rotation":{"x":0.14390729367733003,"y":-0.18439581990242005,"z":0.02729538269340992,"w":0.9718873500823975},"size":19.434524536132814,"orthographic":true}